{
    "qlx": 0.006250000000000002,
    "qly": 0.016825317547305485,
    "qlz": 0.0063,
    "core_area_ratio": 0.1893590058450141,
    "lx": 0.012500000000000004,
    "ly": 0.03365063509461097
}