{
    "A22": [
        439163.35483893595
    ], 
    "A16": [
        -1.3830139262608914e-08
    ], 
    "A11": [
        54877.03331867616
    ], 
    "B66": [
        -8.57579765279435e-12
    ], 
    "A26": [
        3.2307156109639296e-09
    ], 
    "A12": [
        30660.510195783867
    ], 
    "B26": [
        -5.4617841023411e-11
    ], 
    "A66": [
        25274.94792208582
    ], 
    "D22": [
        5.989839128294228
    ], 
    "B22": [
        2.419667580177224e-10
    ], 
    "D26": [
        -1.881507181018837e-13
    ], 
    "B16": [
        -1.2300240783345935e-11
    ], 
    "D12": [
        1.0225502330510434
    ], 
    "B12": [
        -1.9980581788514463e-11
    ], 
    "B11": [
        -3.2205726085364257e-11
    ], 
    "D16": [
        -1.4379014373127706e-13
    ], 
    "D66": [
        0.7848685499117636
    ], 
    "D11": [
        1.8518779002249977
    ]
}