{
    "A22": 433909.2917900336, 
    "A16": -2.745397339097377e-09, 
    "A11": 54359.682019174536, 
    "B66": -3.7686494547786835e-11, 
    "A26": -4.716230777752326e-09, 
    "A12": 28393.61055943682, 
    "B26": 4.476043384824487e-12, 
    "A66": 25435.166311590383, 
    "D22": 5.889145483856038, 
    "B22": 2.8115908693481623e-12, 
    "D26": -2.555169510580988e-13, 
    "B16": -2.6655471225552302e-11, 
    "D12": 0.9839388826912878, 
    "B12": -1.9019547624418427e-11, 
    "B11": 1.488378405321178e-11, 
    "D16": 4.969761107541469e-14, 
    "D66": 0.7979937380993085, 
    "D11": 1.8448428269025618
}