{
    "A22": 468664.7563969571, 
    "A16": -1.931980902650487e-08, 
    "A11": 69166.15510651852, 
    "B66": 6.523561624115228e-11, 
    "A26": 8.175079352389402e-09, 
    "A12": 110741.76612837656, 
    "B26": 5.143999198308758e-11, 
    "A66": 39073.00372442078, 
    "D22": 5.990967425560254, 
    "B22": -1.8246575199624509e-10, 
    "D26": 1.6699763749741427e-13, 
    "B16": 4.257480890192813e-11, 
    "D12": 1.6776853422304627, 
    "B12": 7.883898753445027e-11, 
    "B11": 3.843029475192986e-11, 
    "D16": -7.577315565133244e-14, 
    "D66": 0.9034798045254836, 
    "D11": 1.921647397834867
}