{
    "A22": 273280.81541972415, 
    "A16": 1.4462190385797948e-08, 
    "A11": 63594.91133693794, 
    "B66": -5.383493407658506e-11, 
    "A26": 1.6332656113433717e-08, 
    "A12": -12784.237639193081, 
    "B26": -4.813045079189105e-11, 
    "A66": 22455.52113601669, 
    "D22": 4.60585867495197, 
    "B22": -7.458603104891263e-11, 
    "D26": -7.453422029256017e-14, 
    "B16": -5.3329367901787685e-11, 
    "D12": 0.5962026396259106, 
    "B12": -5.678892246720136e-11, 
    "B11": -5.781058249506618e-11, 
    "D16": 1.6125164056479053e-13, 
    "D66": 0.7517329267032385, 
    "D11": 1.924589380635586
}