{
    "A22": [
        443929.71495790494
    ], 
    "A16": [
        -3.043970349678431e-09
    ], 
    "A11": [
        55521.70416506227
    ], 
    "B66": [
        3.0729543770048393e-12
    ], 
    "A26": [
        1.9128303293304944e-09
    ], 
    "A12": [
        31786.786053894648
    ], 
    "B26": [
        3.893388346305829e-12
    ], 
    "A66": [
        26972.697221663708
    ], 
    "D22": [
        6.0837718993798955
    ], 
    "B22": [
        2.5841272912052974e-10
    ], 
    "D26": [
        1.2816788803637224e-13
    ], 
    "B16": [
        -7.632069359318856e-12
    ], 
    "D12": [
        1.049856525877949
    ], 
    "B12": [
        1.1324473695057808e-10
    ], 
    "B11": [
        -3.4356179919514166e-11
    ], 
    "D16": [
        5.897558535540187e-14
    ], 
    "D66": [
        0.8169753391713622
    ], 
    "D11": [
        1.8670070555585168
    ]
}