{
    "A22": [
        433909.2917900336
    ], 
    "A16": [
        -4.8905968385605995e-09
    ], 
    "A11": [
        54359.682019174536
    ], 
    "B66": [
        -9.246555677221486e-12
    ], 
    "A26": [
        -9.854371335186052e-09
    ], 
    "A12": [
        28393.61055943682
    ], 
    "B26": [
        -8.131910555286503e-12
    ], 
    "A66": [
        25435.166311590383
    ], 
    "D22": [
        5.889145483856038
    ], 
    "B22": [
        -1.973784217191097e-11
    ], 
    "D26": [
        7.060899518392652e-14
    ], 
    "B16": [
        3.06551210589724e-11
    ], 
    "D12": [
        0.9839388826912878
    ], 
    "B12": [
        1.4591317780688922e-11
    ], 
    "B11": [
        -4.934028400713634e-11
    ], 
    "D16": [
        3.21087154982691e-14
    ], 
    "D66": [
        0.7979937380993085
    ], 
    "D11": [
        1.8448428269025618
    ]
}